<?xml version="1.0" encoding="utf-8"?>
<odoo>
        <record id="hotels_partner_inherit" model="ir.ui.view">
            <field name="name">hotels_partner_inherit</field>
            <field name="model">res.partner</field>
	    <field name="inherit_id" ref="base.view_partner_form"/>
            <field name="arch" type="xml">
                    <field name="function" position="after">
                    <field name="is_sales_man"/>
                    </field> 
            </field>
        </record>

</odoo>
