<?xml version="1.0" encoding="utf-8"?>
<odoo>
        <record id="account_payment_inherit" model="ir.ui.view">
            <field name="name">account_payment_inherit</field>
            <field name="model">account.payment</field>
	    <field name="inherit_id" ref="account.view_account_payment_form"/>
            <field name="arch" type="xml">
                    <field name="partner_bank_id" position="after">
                    <field name="is_currencyrate"/>
                    <field name="currency_rate" attrs="{'invisible': [('is_currencyrate','==',False)]}"/>
                    <field name="currency_amount" attrs="{'invisible': [('is_currencyrate','==',False)]}"/>
                    </field> 
            </field>
        </record>

</odoo>
